t,wall,seq,state,bat,roll_deg,pitch_deg,yaw_deg,alt_mm,m1,m2,m3,m4
0.067,1782952217.562,492,0,,,,,,,,,
0.135,1782952217.629,493,0,,,,,,,,,
0.197,1782952217.692,494,0,,,,,,,,,
0.268,1782952217.762,495,0,,,,,,,,,
0.352,1782952217.846,496,0,,,,,,,,,
0.396,1782952217.891,497,0,,,,,,,,,
0.461,1782952217.956,498,0,,,,,,,,,
0.523,1782952218.018,499,0,,,,,,,,,
0.667,1782952218.161,500,0,,,,,,,,,
0.668,1782952218.162,501,0,,,,,,,,,
0.825,1782952218.319,502,0,,,,,,,,,
0.825,1782952218.320,503,0,,,,,,,,,
0.850,1782952218.345,504,0,,,,,,,,,
0.914,1782952218.408,505,0,,,,,,,,,
0.979,1782952218.473,506,0,,,,,,,,,
1.063,1782952218.557,507,0,,,,,,,,,
1.109,1782952218.604,508,0,,,,,,,,,
1.175,1782952218.670,509,0,,,,,,,,,
1.306,1782952218.801,511,0,,,,,,,,,
1.370,1782952218.864,512,0,,,,,,,,,
1.511,1782952219.005,514,0,,,,,,,,,
1.646,1782952219.140,515,0,,,,,,,,,
1.648,1782952219.142,516,0,,,,,,,,,
1.695,1782952219.189,517,0,,,,,,,,,
1.760,1782952219.254,518,0,,,,,,,,,
2.083,1782952219.577,519,0,,,,,,,,,
2.084,1782952219.578,520,0,,,,,,,,,
2.084,1782952219.578,521,0,,,,,,,,,
3.139,1782952220.633,539,0,,,,,,,,,
3.196,1782952220.691,540,0,,,,,,,,,
3.385,1782952220.879,541,0,,,,,,,,,
3.386,1782952220.880,542,0,,,,,,,,,
3.386,1782952220.880,543,0,,,,,,,,,
3.458,1782952220.952,544,0,,,,,,,,,
3.520,1782952221.014,545,0,,,,,,,,,
3.582,1782952221.076,546,0,,,,,,,,,
3.647,1782952221.142,547,0,,,,,,,,,
3.712,1782952221.206,548,0,,,,,,,,,
3.777,1782952221.271,549,0,,,,,,,,,
3.842,1782952221.336,550,0,,,,,,,,,
3.907,1782952221.401,551,0,,,,,,,,,
3.972,1782952221.467,552,0,,,,,,,,,
4.037,1782952221.532,553,0,,,,,,,,,
4.104,1782952221.599,554,0,,,,,,,,,
4.168,1782952221.662,555,0,,,,,,,,,
4.233,1782952221.728,556,0,,,,,,,,,
4.297,1782952221.792,557,0,,,,,,,,,
4.364,1782952221.858,558,0,,,,,,,,,
4.427,1782952221.922,559,0,,,,,,,,,
4.493,1782952221.987,560,0,,,,,,,,,
4.558,1782952222.052,561,0,,,,,,,,,
4.623,1782952222.117,562,0,,,,,,,,,
4.687,1782952222.182,563,0,,,,,,,,,
4.753,1782952222.247,564,0,,,,,,,,,
4.818,1782952222.312,565,0,,,,,,,,,
4.884,1782952222.378,566,0,,,,,,,,,
4.948,1782952222.442,567,0,,,,,,,,,
5.013,1782952222.508,568,0,,,,,,,,,
5.080,1782952222.575,569,0,,,,,,,,,
5.143,1782952222.637,570,0,,,,,,,,,
5.208,1782952222.702,571,0,,,,,,,,,
5.273,1782952222.768,572,0,,,,,,,,,
5.338,1782952222.833,573,0,,,,,,,,,
5.403,1782952222.898,574,0,,,,,,,,,
5.587,1782952223.081,575,0,,,,,,,,,
5.587,1782952223.082,576,0,,,,,,,,,
5.598,1782952223.093,577,0,,,,,,,,,
5.664,1782952223.158,578,0,,,,,,,,,
5.752,1782952223.246,579,0,,,,,,,,,
5.798,1782952223.293,580,0,,,,,,,,,
5.901,1782952223.396,581,0,,,,,,,,,
5.943,1782952223.437,582,0,,,,,,,,,
5.989,1782952223.484,583,0,,,,,,,,,
6.141,1782952223.635,585,0,,,,,,,,,
6.184,1782952223.679,586,0,,,,,,,,,
6.252,1782952223.746,587,0,,,,,,,,,
6.323,1782952223.817,588,0,,,,,,,,,
6.491,1782952223.985,590,0,,,,,,,,,
6.510,1782952224.004,591,0,,,,,,,,,
6.575,1782952224.070,592,0,,,,,,,,,
6.640,1782952224.134,593,0,,,,,,,,,
6.720,1782952224.215,594,0,,,,,,,,,
6.835,1782952224.330,596,0,,,,,,,,,
6.973,1782952224.468,597,0,,,,,,,,,
6.977,1782952224.471,598,0,,,,,,,,,
7.030,1782952224.525,599,0,,,,,,,,,
7.098,1782952224.592,600,0,,,,,,,,,
7.161,1782952224.655,601,0,,,,,,,,,
7.226,1782952224.720,602,0,,,,,,,,,
7.292,1782952224.786,603,0,,,,,,,,,
7.421,1782952224.916,605,0,,,,,,,,,
7.542,1782952225.036,606,0,,,,,,,,,
7.561,1782952225.055,607,0,,,,,,,,,
7.641,1782952225.136,608,0,,,,,,,,,
7.681,1782952225.176,609,0,,,,,,,,,
7.746,1782952225.241,610,0,,,,,,,,,
7.829,1782952225.324,611,0,,,,,,,,,
7.907,1782952225.402,612,0,,,,,,,,,
7.941,1782952225.435,613,0,,,,,,,,,
8.006,1782952225.501,614,0,,,,,,,,,
8.071,1782952225.565,615,0,,,,,,,,,
8.136,1782952225.631,616,0,,,,,,,,,
8.201,1782952225.695,617,0,,,,,,,,,
8.308,1782952225.802,618,0,,,,,,,,,
8.333,1782952225.827,619,0,,,,,,,,,
8.397,1782952225.891,620,0,,,,,,,,,
8.516,1782952226.011,621,0,,,,,,,,,
8.677,1782952226.172,622,0,,,,,,,,,
8.678,1782952226.173,623,0,,,,,,,,,
8.678,1782952226.173,624,0,,,,,,,,,
8.831,1782952226.325,625,0,,,,,,,,,
8.831,1782952226.325,626,0,,,,,,,,,
9.093,1782952226.587,627,0,,,,,,,,,
9.094,1782952226.588,628,0,,,,,,,,,
9.094,1782952226.588,629,0,,,,,,,,,
9.094,1782952226.588,630,0,,,,,,,,,
9.178,1782952226.672,632,0,,,,,,,,,
9.242,1782952226.737,633,0,,,,,,,,,
9.308,1782952226.802,634,0,,,,,,,,,
9.373,1782952226.867,635,0,,,,,,,,,
9.438,1782952226.932,636,0,,,,,,,,,
9.503,1782952226.997,637,0,,,,,,,,,
9.568,1782952227.062,638,0,,,,,,,,,
9.633,1782952227.127,639,0,,,,,,,,,
9.698,1782952227.193,640,0,,,,,,,,,
9.763,1782952227.258,641,0,,,,,,,,,
9.828,1782952227.323,642,0,,,,,,,,,
9.893,1782952227.388,643,0,,,,,,,,,
9.959,1782952227.453,644,0,,,,,,,,,
10.024,1782952227.518,645,0,,,,,,,,,
10.089,1782952227.583,646,0,,,,,,,,,
10.154,1782952227.648,647,0,,,,,,,,,
10.409,1782952227.903,648,0,,,,,,,,,
10.410,1782952227.904,649,0,,,,,,,,,
10.410,1782952227.904,650,0,,,,,,,,,
10.414,1782952227.909,651,0,,,,,,,,,
10.544,1782952228.039,653,0,,,,,,,,,
10.611,1782952228.105,654,0,,,,,,,,,
10.717,1782952228.212,655,0,,,,,,,,,
10.740,1782952228.234,656,0,,,,,,,,,
11.086,1782952228.580,658,0,,,,,,,,,
11.088,1782952228.582,659,0,,,,,,,,,
11.089,1782952228.584,660,0,,,,,,,,,
11.091,1782952228.585,661,0,,,,,,,,,
11.130,1782952228.624,662,0,,,,,,,,,
11.195,1782952228.689,663,0,,,,,,,,,
11.260,1782952228.754,664,0,,,,,,,,,
11.327,1782952228.821,665,0,,,,,,,,,
11.434,1782952228.929,666,0,,,,,,,,,
11.455,1782952228.950,667,0,,,,,,,,,
11.535,1782952229.029,668,0,,,,,,,,,
11.586,1782952229.080,669,0,,,,,,,,,
11.650,1782952229.145,670,0,,,,,,,,,
11.742,1782952229.236,671,0,,,,,,,,,
11.780,1782952229.275,672,0,,,,,,,,,
11.845,1782952229.340,673,0,,,,,,,,,
11.911,1782952229.405,674,0,,,,,,,,,
11.975,1782952229.470,675,0,,,,,,,,,
12.044,1782952229.538,676,0,,,,,,,,,
12.106,1782952229.600,677,0,,,,,,,,,
12.171,1782952229.665,678,0,,,,,,,,,
12.237,1782952229.731,679,0,,,,,,,,,
12.301,1782952229.796,680,0,,,,,,,,,
12.366,1782952229.860,681,0,,,,,,,,,
12.431,1782952229.926,682,0,,,,,,,,,
12.496,1782952229.991,683,0,,,,,,,,,
12.562,1782952230.056,684,0,,,,,,,,,
12.626,1782952230.121,685,0,,,,,,,,,
12.693,1782952230.188,686,0,,,,,,,,,
12.760,1782952230.255,687,0,,,,,,,,,
12.822,1782952230.316,688,0,,,,,,,,,
12.886,1782952230.381,689,0,,,,,,,,,
12.952,1782952230.446,690,0,,,,,,,,,
13.018,1782952230.512,691,0,,,,,,,,,
13.082,1782952230.576,692,0,,,,,,,,,
13.147,1782952230.641,693,0,,,,,,,,,
13.212,1782952230.707,694,0,,,,,,,,,
13.278,1782952230.772,695,0,,,,,,,,,
13.342,1782952230.837,696,0,,,,,,,,,
13.407,1782952230.901,697,0,,,,,,,,,
13.499,1782952230.993,698,0,,,,,,,,,
13.562,1782952231.057,699,0,,,,,,,,,
13.628,1782952231.122,700,0,,,,,,,,,
13.693,1782952231.187,701,0,,,,,,,,,
13.758,1782952231.252,702,0,,,,,,,,,
13.823,1782952231.317,703,0,,,,,,,,,
13.888,1782952231.383,704,0,,,,,,,,,
13.953,1782952231.447,705,0,,,,,,,,,
14.018,1782952231.513,706,0,,,,,,,,,
14.083,1782952231.578,707,0,,,,,,,,,
14.148,1782952231.643,708,0,,,,,,,,,
14.213,1782952231.708,709,0,,,,,,,,,
14.282,1782952231.776,710,0,,,,,,,,,
14.345,1782952231.839,711,0,,,,,,,,,
14.409,1782952231.903,712,0,,,,,,,,,
14.474,1782952231.968,713,0,,,,,,,,,
14.540,1782952232.035,714,0,,,,,,,,,
14.604,1782952232.098,715,0,,,,,,,,,
14.669,1782952232.163,716,0,,,,,,,,,
14.808,1782952232.303,718,0,,,,,,,,,
14.865,1782952232.360,719,0,,,,,,,,,
14.932,1782952232.427,720,0,,,,,,,,,
14.995,1782952232.489,721,0,,,,,,,,,
15.060,1782952232.555,722,0,,,,,,,,,
15.124,1782952232.619,723,0,,,,,,,,,
15.190,1782952232.684,724,0,,,,,,,,,
15.265,1782952232.759,725,0,,,,,,,,,
15.323,1782952232.818,726,0,,,,,,,,,
15.439,1782952232.934,727,0,,,,,,,,,
15.450,1782952232.944,728,0,,,,,,,,,
15.527,1782952233.021,729,0,,,,,,,,,
15.580,1782952233.074,730,0,,,,,,,,,
15.645,1782952233.139,731,0,,,,,,,,,
15.731,1782952233.225,732,0,,,,,,,,,
15.775,1782952233.269,733,0,,,,,,,,,
15.840,1782952233.334,734,0,,,,,,,,,
15.970,1782952233.465,735,0,,,,,,,,,
15.971,1782952233.466,736,0,,,,,,,,,
16.038,1782952233.532,737,0,,,,,,,,,
16.112,1782952233.607,738,0,,,,,,,,,
16.166,1782952233.660,739,0,,,,,,,,,
16.231,1782952233.725,740,0,,,,,,,,,
16.337,1782952233.832,741,0,,,,,,,,,
16.360,1782952233.855,742,0,,,,,,,,,
16.427,1782952233.922,743,0,,,,,,,,,
16.541,1782952234.036,744,0,,,,,,,,,
16.555,1782952234.050,745,0,,,,,,,,,
16.638,1782952234.132,746,0,,,,,,,,,
16.742,1782952234.236,747,0,,,,,,,,,
16.754,1782952234.249,748,0,,,,,,,,,
16.844,1782952234.339,749,0,,,,,,,,,
16.881,1782952234.376,750,0,,,,,,,,,
16.948,1782952234.443,751,0,,,,,,,,,
17.011,1782952234.505,752,0,,,,,,,,,
17.083,1782952234.577,753,0,,,,,,,,,
17.147,1782952234.641,754,0,,,,,,,,,
17.267,1782952234.762,755,0,,,,,,,,,
17.271,1782952234.766,756,0,,,,,,,,,
17.369,1782952234.864,757,0,,,,,,,,,
17.404,1782952234.898,758,0,,,,,,,,,
17.471,1782952234.965,759,0,,,,,,,,,
17.545,1782952235.039,760,0,,,,,,,,,
17.642,1782952235.136,761,0,,,,,,,,,
17.662,1782952235.156,762,0,,,,,,,,,
17.727,1782952235.221,763,0,,,,,,,,,
17.795,1782952235.290,764,0,,,,,,,,,
17.867,1782952235.362,765,0,,,,,,,,,
17.953,1782952235.448,766,0,,,,,,,,,
18.070,1782952235.564,768,0,,,,,,,,,
18.119,1782952235.613,769,0,,,,,,,,,
18.188,1782952235.682,770,0,,,,,,,,,
18.264,1782952235.759,771,0,,,,,,,,,
18.313,1782952235.807,772,0,,,,,,,,,
18.378,1782952235.872,773,0,,,,,,,,,
18.443,1782952235.937,774,0,,,,,,,,,
18.508,1782952236.002,775,0,,,,,,,,,
18.638,1782952236.132,777,0,,,,,,,,,
18.705,1782952236.200,778,0,,,,,,,,,
18.769,1782952236.264,779,0,,,,,,,,,
18.835,1782952236.329,780,0,,,,,,,,,
18.906,1782952236.401,781,0,,,,,,,,,
19.000,1782952236.494,782,0,,,,,,,,,
19.029,1782952236.523,783,0,,,,,,,,,
19.094,1782952236.588,784,0,,,,,,,,,
19.158,1782952236.653,785,0,,,,,,,,,
19.224,1782952236.718,786,0,,,,,,,,,
19.293,1782952236.787,787,0,,,,,,,,,
19.382,1782952236.877,788,0,,,,,,,,,
19.452,1782952236.947,789,0,,,,,,,,,
19.484,1782952236.979,790,0,,,,,,,,,
19.549,1782952237.043,791,0,,,,,,,,,
19.614,1782952237.108,792,0,,,,,,,,,
19.679,1782952237.173,793,0,,,,,,,,,
19.745,1782952237.240,794,0,,,,,,,,,
19.809,1782952237.303,795,0,,,,,,,,,
19.874,1782952237.369,796,0,,,,,,,,,
19.939,1782952237.433,797,0,,,,,,,,,
20.005,1782952237.500,798,0,,,,,,,,,
20.071,1782952237.565,799,0,,,,,,,,,
20.134,1782952237.629,800,0,,,,,,,,,
20.200,1782952237.694,801,0,,,,,,,,,
20.265,1782952237.759,802,0,,,,,,,,,
20.329,1782952237.824,803,0,,,,,,,,,
20.395,1782952237.889,804,0,,,,,,,,,
20.460,1782952237.954,805,0,,,,,,,,,
20.525,1782952238.019,806,0,,,,,,,,,
20.591,1782952238.085,807,0,,,,,,,,,
20.655,1782952238.150,808,0,,,,,,,,,
20.720,1782952238.214,809,0,,,,,,,,,
20.785,1782952238.280,810,0,,,,,,,,,
20.850,1782952238.344,811,0,,,,,,,,,
20.915,1782952238.410,812,0,,,,,,,,,
20.980,1782952238.475,813,0,,,,,,,,,
21.046,1782952238.540,814,0,,,,,,,,,
21.111,1782952238.605,815,0,,,,,,,,,
21.176,1782952238.670,816,0,,,,,,,,,
21.241,1782952238.735,817,0,,,,,,,,,
21.306,1782952238.800,818,0,,,,,,,,,
21.372,1782952238.867,819,0,,,,,,,,,
21.436,1782952238.931,820,0,,,,,,,,,
21.501,1782952238.995,821,0,,,,,,,,,
21.567,1782952239.061,822,0,,,,,,,,,
21.632,1782952239.126,823,0,,,,,,,,,
21.696,1782952239.191,824,0,,,,,,,,,
21.762,1782952239.256,825,0,,,,,,,,,
21.827,1782952239.321,826,0,,,,,,,,,
21.892,1782952239.387,827,0,,,,,,,,,
21.957,1782952239.451,828,0,,,,,,,,,
22.022,1782952239.516,829,0,,,,,,,,,
22.087,1782952239.581,830,0,,,,,,,,,
22.152,1782952239.646,831,0,,,,,,,,,
22.217,1782952239.711,832,0,,,,,,,,,
22.284,1782952239.778,833,0,,,,,,,,,
22.347,1782952239.841,834,0,,,,,,,,,
22.412,1782952239.906,835,0,,,,,,,,,
22.477,1782952239.972,836,0,,,,,,,,,
22.543,1782952240.037,837,0,,,,,,,,,
22.607,1782952240.102,838,0,,,,,,,,,
22.673,1782952240.167,839,0,,,,,,,,,
22.737,1782952240.232,840,0,,,,,,,,,
22.803,1782952240.297,841,0,,,,,,,,,
22.868,1782952240.362,842,0,,,,,,,,,
22.933,1782952240.427,843,0,,,,,,,,,
23.001,1782952240.495,844,0,,,,,,,,,
23.062,1782952240.557,845,0,,,,,,,,,
23.128,1782952240.622,846,0,,,,,,,,,
23.193,1782952240.687,847,0,,,,,,,,,
23.258,1782952240.753,848,0,,,,,,,,,
23.323,1782952240.818,849,0,,,,,,,,,
23.389,1782952240.883,850,0,,,,,,,,,
23.453,1782952240.948,851,0,,,,,,,,,
23.519,1782952241.013,852,0,,,,,,,,,
23.584,1782952241.078,853,0,,,,,,,,,
23.650,1782952241.145,854,0,,,,,,,,,
23.718,1782952241.212,855,0,,,,,,,,,
23.779,1782952241.274,856,0,,,,,,,,,
23.844,1782952241.338,857,0,,,,,,,,,
23.910,1782952241.404,858,0,,,,,,,,,
23.974,1782952241.468,859,0,,,,,,,,,
24.040,1782952241.534,860,0,,,,,,,,,
24.104,1782952241.599,861,0,,,,,,,,,
24.170,1782952241.664,862,0,,,,,,,,,
24.235,1782952241.729,863,0,,,,,,,,,
24.300,1782952241.794,864,0,,,,,,,,,
24.365,1782952241.859,865,0,,,,,,,,,
24.430,1782952241.924,866,0,,,,,,,,,
24.495,1782952241.989,867,0,,,,,,,,,
24.560,1782952242.054,868,0,,,,,,,,,
24.626,1782952242.120,869,0,,,,,,,,,
24.690,1782952242.184,870,0,,,,,,,,,
24.755,1782952242.250,871,0,,,,,,,,,
24.820,1782952242.315,872,0,,,,,,,,,
24.885,1782952242.380,873,0,,,,,,,,,
24.950,1782952242.445,874,0,,,,,,,,,
25.015,1782952242.510,875,0,,,,,,,,,
25.080,1782952242.575,876,0,,,,,,,,,
25.145,1782952242.640,877,0,,,,,,,,,
25.210,1782952242.705,878,0,,,,,,,,,
25.277,1782952242.771,879,0,,,,,,,,,
25.341,1782952242.835,880,0,,,,,,,,,
25.406,1782952242.900,881,0,,,,,,,,,
25.471,1782952242.965,882,0,,,,,,,,,
25.536,1782952243.030,883,0,,,,,,,,,
25.601,1782952243.095,884,0,,,,,,,,,
25.666,1782952243.160,885,0,,,,,,,,,
25.731,1782952243.225,886,0,,,,,,,,,
25.796,1782952243.291,887,0,,,,,,,,,
25.861,1782952243.356,888,0,,,,,,,,,
25.926,1782952243.420,889,0,,,,,,,,,
25.992,1782952243.486,890,0,,,,,,,,,
26.056,1782952243.551,891,0,,,,,,,,,
26.122,1782952243.616,892,0,,,,,,,,,
26.187,1782952243.681,893,0,,,,,,,,,
26.253,1782952243.747,894,0,,,,,,,,,
26.317,1782952243.811,895,0,,,,,,,,,
26.382,1782952243.876,896,0,,,,,,,,,
26.447,1782952243.941,897,0,,,,,,,,,
26.512,1782952244.006,898,0,,,,,,,,,
26.577,1782952244.071,899,0,,,,,,,,,
26.642,1782952244.136,900,0,,,,,,,,,
26.707,1782952244.201,901,0,,,,,,,,,
26.774,1782952244.269,902,0,,,,,,,,,
26.838,1782952244.332,903,0,,,,,,,,,
26.906,1782952244.400,904,0,,,,,,,,,
26.967,1782952244.462,905,0,,,,,,,,,
27.033,1782952244.527,906,0,,,,,,,,,
27.098,1782952244.592,907,0,,,,,,,,,
27.163,1782952244.657,908,0,,,,,,,,,
27.228,1782952244.722,909,0,,,,,,,,,
27.293,1782952244.787,910,0,,,,,,,,,
27.358,1782952244.853,911,0,,,,,,,,,
27.423,1782952244.918,912,0,,,,,,,,,
27.488,1782952244.983,913,0,,,,,,,,,
27.554,1782952245.048,914,0,,,,,,,,,
27.618,1782952245.113,915,0,,,,,,,,,
27.683,1782952245.178,916,0,,,,,,,,,
27.748,1782952245.243,917,0,,,,,,,,,
27.814,1782952245.308,918,0,,,,,,,,,
27.880,1782952245.374,919,0,,,,,,,,,
27.944,1782952245.438,920,0,,,,,,,,,
28.009,1782952245.503,921,0,,,,,,,,,
28.074,1782952245.568,922,0,,,,,,,,,
28.139,1782952245.633,923,0,,,,,,,,,
28.204,1782952245.699,924,0,,,,,,,,,
28.269,1782952245.763,925,0,,,,,,,,,
28.334,1782952245.829,926,0,,,,,,,,,
28.399,1782952245.894,927,0,,,,,,,,,
28.464,1782952245.959,928,0,,,,,,,,,
28.530,1782952246.025,929,0,,,,,,,,,
28.595,1782952246.089,930,0,,,,,,,,,
28.659,1782952246.154,931,0,,,,,,,,,
28.725,1782952246.219,932,0,,,,,,,,,
28.789,1782952246.284,933,0,,,,,,,,,
28.855,1782952246.349,934,0,,,,,,,,,
28.920,1782952246.414,935,0,,,,,,,,,
28.984,1782952246.479,936,0,,,,,,,,,
29.049,1782952246.544,937,0,,,,,,,,,
29.115,1782952246.609,938,0,,,,,,,,,
29.180,1782952246.674,939,0,,,,,,,,,
29.247,1782952246.741,940,0,,,,,,,,,
29.310,1782952246.804,941,0,,,,,,,,,
29.375,1782952246.869,942,0,,,,,,,,,
29.440,1782952246.935,943,0,,,,,,,,,
29.507,1782952247.001,944,0,,,,,,,,,
29.571,1782952247.066,945,0,,,,,,,,,
29.636,1782952247.130,946,0,,,,,,,,,
29.701,1782952247.195,947,0,,,,,,,,,
29.766,1782952247.260,948,0,,,,,,,,,
29.831,1782952247.325,949,0,,,,,,,,,
29.897,1782952247.391,950,0,,,,,,,,,
29.964,1782952247.458,951,0,,,,,,,,,
30.026,1782952247.521,952,0,,,,,,,,,
30.091,1782952247.586,953,0,,,,,,,,,
30.156,1782952247.651,954,0,,,,,,,,,
30.221,1782952247.716,955,0,,,,,,,,,
30.287,1782952247.781,956,0,,,,,,,,,
30.352,1782952247.846,957,0,,,,,,,,,
30.417,1782952247.911,958,0,,,,,,,,,
30.482,1782952247.976,959,0,,,,,,,,,
30.547,1782952248.042,960,0,,,,,,,,,
30.612,1782952248.106,961,0,,,,,,,,,
30.681,1782952248.175,962,0,,,,,,,,,
30.742,1782952248.236,963,0,,,,,,,,,
30.807,1782952248.302,964,0,,,,,,,,,
30.872,1782952248.367,965,0,,,,,,,,,
30.937,1782952248.432,966,0,,,,,,,,,
31.003,1782952248.497,967,0,,,,,,,,,
31.068,1782952248.562,968,0,,,,,,,,,
31.134,1782952248.628,969,0,,,,,,,,,
31.198,1782952248.692,970,0,,,,,,,,,
31.263,1782952248.757,971,0,,,,,,,,,
31.328,1782952248.822,972,0,,,,,,,,,
31.393,1782952248.887,973,0,,,,,,,,,
31.458,1782952248.953,974,0,,,,,,,,,
31.523,1782952249.017,975,0,,,,,,,,,
31.588,1782952249.082,976,0,,,,,,,,,
31.653,1782952249.147,977,0,,,,,,,,,
31.718,1782952249.212,978,0,,,,,,,,,
31.783,1782952249.278,979,0,,,,,,,,,
31.849,1782952249.343,980,0,,,,,,,,,
31.913,1782952249.408,981,0,,,,,,,,,
31.978,1782952249.473,982,0,,,,,,,,,
32.043,1782952249.538,983,0,,,,,,,,,
32.108,1782952249.603,984,0,,,,,,,,,
32.173,1782952249.668,985,0,,,,,,,,,
32.238,1782952249.733,986,0,,,,,,,,,
32.305,1782952249.799,987,0,,,,,,,,,
32.369,1782952249.864,988,0,,,,,,,,,
32.434,1782952249.929,989,0,,,,,,,,,
32.500,1782952249.994,990,0,,,,,,,,,
32.565,1782952250.059,991,0,,,,,,,,,
32.629,1782952250.124,992,0,,,,,,,,,
32.694,1782952250.188,993,0,,,,,,,,,
32.763,1782952250.258,994,0,,,,,,,,,
32.824,1782952250.318,995,0,,,,,,,,,
32.889,1782952250.383,996,0,,,,,,,,,
32.954,1782952250.448,997,0,,,,,,,,,
33.019,1782952250.513,998,0,,,,,,,,,
33.084,1782952250.579,999,0,,,,,,,,,
33.150,1782952250.644,1000,0,,,,,,,,,
33.214,1782952250.709,1001,0,,,,,,,,,
33.279,1782952250.774,1002,0,,,,,,,,,
33.344,1782952250.839,1003,0,,,,,,,,,
33.410,1782952250.904,1004,0,,,,,,,,,
33.475,1782952250.969,1005,0,,,,,,,,,
33.540,1782952251.035,1006,0,,,,,,,,,
33.605,1782952251.099,1007,0,,,,,,,,,
33.670,1782952251.165,1008,0,,,,,,,,,
33.735,1782952251.229,1009,0,,,,,,,,,
33.800,1782952251.295,1010,0,,,,,,,,,
33.865,1782952251.360,1011,0,,,,,,,,,
33.931,1782952251.425,1012,0,,,,,,,,,
33.995,1782952251.490,1013,0,,,,,,,,,
34.060,1782952251.555,1014,0,,,,,,,,,
34.125,1782952251.620,1015,0,,,,,,,,,
34.191,1782952251.685,1016,0,,,,,,,,,
34.256,1782952251.750,1017,0,,,,,,,,,
34.321,1782952251.815,1018,0,,,,,,,,,
34.387,1782952251.881,1019,0,,,,,,,,,
34.451,1782952251.945,1020,0,,,,,,,,,
34.516,1782952252.010,1021,0,,,,,,,,,
34.581,1782952252.075,1022,0,,,,,,,,,
34.646,1782952252.140,1023,0,,,,,,,,,
34.711,1782952252.205,1024,0,,,,,,,,,
34.777,1782952252.271,1025,0,,,,,,,,,
34.841,1782952252.336,1026,0,,,,,,,,,
34.906,1782952252.401,1027,0,,,,,,,,,
34.971,1782952252.466,1028,0,,,,,,,,,
35.036,1782952252.531,1029,0,,,,,,,,,
35.102,1782952252.596,1030,0,,,,,,,,,
35.167,1782952252.661,1031,0,,,,,,,,,
35.232,1782952252.726,1032,0,,,,,,,,,
35.297,1782952252.791,1033,0,,,,,,,,,
35.362,1782952252.856,1034,0,,,,,,,,,
35.427,1782952252.921,1035,0,,,,,,,,,
35.493,1782952252.988,1036,0,,,,,,,,,
35.557,1782952253.051,1037,0,,,,,,,,,
35.622,1782952253.116,1038,0,,,,,,,,,
35.687,1782952253.182,1039,0,,,,,,,,,
35.752,1782952253.247,1040,0,,,,,,,,,
35.817,1782952253.312,1041,0,,,,,,,,,
35.882,1782952253.377,1042,0,,,,,,,,,
35.947,1782952253.442,1043,0,,,,,,,,,
36.013,1782952253.508,1044,0,,,,,,,,,
36.078,1782952253.572,1045,0,,,,,,,,,
36.143,1782952253.637,1046,0,,,,,,,,,
36.209,1782952253.703,1047,0,,,,,,,,,
36.273,1782952253.767,1048,0,,,,,,,,,
36.338,1782952253.832,1049,0,,,,,,,,,
36.403,1782952253.898,1050,0,,,,,,,,,
36.468,1782952253.963,1051,0,,,,,,,,,
36.533,1782952254.028,1052,0,,,,,,,,,
36.598,1782952254.093,1053,0,,,,,,,,,
36.663,1782952254.158,1054,0,,,,,,,,,
36.729,1782952254.223,1055,0,,,,,,,,,
36.794,1782952254.288,1056,0,,,,,,,,,
36.859,1782952254.354,1057,0,,,,,,,,,
36.927,1782952254.422,1058,0,,,,,,,,,
36.989,1782952254.483,1059,0,,,,,,,,,
37.057,1782952254.551,1060,0,,,,,,,,,
37.119,1782952254.613,1061,0,,,,,,,,,
37.184,1782952254.678,1062,0,,,,,,,,,
37.249,1782952254.743,1063,0,,,,,,,,,
37.315,1782952254.809,1064,0,,,,,,,,,
37.379,1782952254.874,1065,0,,,,,,,,,
37.444,1782952254.939,1066,0,,,,,,,,,
37.509,1782952255.004,1067,0,,,,,,,,,
37.576,1782952255.071,1068,0,,,,,,,,,
37.644,1782952255.138,1069,0,,,,,,,,,
37.705,1782952255.199,1070,0,,,,,,,,,
37.770,1782952255.264,1071,0,,,,,,,,,
37.835,1782952255.329,1072,0,,,,,,,,,
37.900,1782952255.394,1073,0,,,,,,,,,
37.965,1782952255.459,1074,0,,,,,,,,,
38.030,1782952255.524,1075,0,,,,,,,,,
38.095,1782952255.589,1076,0,,,,,,,,,
38.160,1782952255.654,1077,0,,,,,,,,,
38.225,1782952255.720,1078,0,,,,,,,,,
38.291,1782952255.785,1079,0,,,,,,,,,
38.355,1782952255.850,1080,0,,,,,,,,,
38.420,1782952255.915,1081,0,,,,,,,,,
38.485,1782952255.980,1082,0,,,,,,,,,
38.550,1782952256.045,1083,0,,,,,,,,,
38.615,1782952256.110,1084,0,,,,,,,,,
38.681,1782952256.175,1085,0,,,,,,,,,
38.746,1782952256.240,1086,0,,,,,,,,,
38.811,1782952256.305,1087,0,,,,,,,,,
38.876,1782952256.370,1088,0,,,,,,,,,
38.941,1782952256.435,1089,0,,,,,,,,,
39.006,1782952256.500,1090,0,,,,,,,,,
39.071,1782952256.565,1091,0,,,,,,,,,
39.136,1782952256.631,1092,0,,,,,,,,,
39.201,1782952256.696,1093,0,,,,,,,,,
39.268,1782952256.762,1094,0,,,,,,,,,
39.331,1782952256.826,1095,0,,,,,,,,,
39.396,1782952256.891,1096,0,,,,,,,,,
39.461,1782952256.956,1097,0,,,,,,,,,
39.527,1782952257.021,1098,0,,,,,,,,,
39.592,1782952257.086,1099,0,,,,,,,,,
39.657,1782952257.152,1100,0,,,,,,,,,
39.722,1782952257.216,1101,0,,,,,,,,,
39.787,1782952257.282,1102,0,,,,,,,,,
39.852,1782952257.347,1103,0,,,,,,,,,
39.917,1782952257.412,1104,0,,,,,,,,,
39.982,1782952257.477,1105,0,,,,,,,,,
40.048,1782952257.542,1106,0,,,,,,,,,
40.112,1782952257.607,1107,0,,,,,,,,,
40.178,1782952257.672,1108,0,,,,,,,,,
40.243,1782952257.737,1109,0,,,,,,,,,
40.308,1782952257.802,1110,0,,,,,,,,,
40.373,1782952257.867,1111,0,,,,,,,,,
40.438,1782952257.932,1112,0,,,,,,,,,
40.503,1782952257.997,1113,0,,,,,,,,,
40.568,1782952258.063,1114,0,,,,,,,,,
40.633,1782952258.127,1115,0,,,,,,,,,
40.699,1782952258.193,1116,0,,,,,,,,,
40.763,1782952258.257,1117,0,,,,,,,,,
40.828,1782952258.322,1118,0,,,,,,,,,
40.894,1782952258.389,1119,0,,,,,,,,,
40.958,1782952258.453,1120,0,,,,,,,,,
41.023,1782952258.518,1121,0,,,,,,,,,
41.088,1782952258.583,1122,0,,,,,,,,,
41.153,1782952258.648,1123,0,,,,,,,,,
41.219,1782952258.713,1124,0,,,,,,,,,
41.283,1782952258.778,1125,0,,,,,,,,,
41.348,1782952258.843,1126,0,,,,,,,,,
41.414,1782952258.908,1127,0,,,,,,,,,
41.479,1782952258.973,1128,0,,,,,,,,,
41.544,1782952259.038,1129,0,,,,,,,,,
41.609,1782952259.103,1130,0,,,,,,,,,
41.674,1782952259.168,1131,0,,,,,,,,,
41.740,1782952259.235,1132,0,,,,,,,,,
41.804,1782952259.298,1133,0,,,,,,,,,
41.869,1782952259.364,1134,0,,,,,,,,,
41.934,1782952259.429,1135,0,,,,,,,,,
41.999,1782952259.494,1136,0,,,,,,,,,
42.065,1782952259.559,1137,0,,,,,,,,,
42.129,1782952259.624,1138,0,,,,,,,,,
42.194,1782952259.689,1139,0,,,,,,,,,
42.260,1782952259.754,1140,0,,,,,,,,,
42.325,1782952259.819,1141,0,,,,,,,,,
42.390,1782952259.884,1142,0,,,,,,,,,
42.457,1782952259.951,1143,0,,,,,,,,,
42.521,1782952260.016,1144,0,,,,,,,,,
42.587,1782952260.081,1145,0,,,,,,,,,
42.651,1782952260.145,1146,0,,,,,,,,,
42.715,1782952260.210,1147,0,,,,,,,,,
42.781,1782952260.275,1148,0,,,,,,,,,
42.846,1782952260.340,1149,0,,,,,,,,,
42.911,1782952260.405,1150,0,,,,,,,,,
42.976,1782952260.470,1151,0,,,,,,,,,
43.041,1782952260.535,1152,0,,,,,,,,,
43.106,1782952260.601,1153,0,,,,,,,,,
43.174,1782952260.668,1154,0,,,,,,,,,
43.236,1782952260.730,1155,0,,,,,,,,,
43.301,1782952260.795,1156,0,,,,,,,,,
43.367,1782952260.861,1157,0,,,,,,,,,
43.431,1782952260.926,1158,0,,,,,,,,,
43.497,1782952260.991,1159,0,,,,,,,,,
43.561,1782952261.056,1160,0,,,,,,,,,
43.626,1782952261.121,1161,0,,,,,,,,,
43.692,1782952261.186,1162,0,,,,,,,,,
43.757,1782952261.251,1163,0,,,,,,,,,
43.822,1782952261.316,1164,0,,,,,,,,,
43.891,1782952261.385,1165,0,,,,,,,,,
43.952,1782952261.446,1166,0,,,,,,,,,
44.017,1782952261.511,1167,0,,,,,,,,,
44.082,1782952261.576,1168,0,,,,,,,,,
44.148,1782952261.643,1169,0,,,,,,,,,
44.212,1782952261.707,1170,0,,,,,,,,,
44.277,1782952261.771,1171,0,,,,,,,,,
44.343,1782952261.837,1172,0,,,,,,,,,
44.408,1782952261.902,1173,0,,,,,,,,,
44.472,1782952261.967,1174,0,,,,,,,,,
44.540,1782952262.034,1175,0,,,,,,,,,
44.603,1782952262.097,1176,0,,,,,,,,,
44.667,1782952262.162,1177,0,,,,,,,,,
44.733,1782952262.227,1178,0,,,,,,,,,
44.798,1782952262.292,1179,0,,,,,,,,,
44.863,1782952262.357,1180,0,,,,,,,,,
44.928,1782952262.422,1181,0,,,,,,,,,
44.993,1782952262.487,1182,0,,,,,,,,,
45.058,1782952262.552,1183,0,,,,,,,,,
45.123,1782952262.617,1184,0,,,,,,,,,
45.188,1782952262.682,1185,0,,,,,,,,,
45.253,1782952262.748,1186,0,,,,,,,,,
45.318,1782952262.813,1187,0,,,,,,,,,
45.383,1782952262.878,1188,0,,,,,,,,,
45.452,1782952262.947,1189,0,,,,,,,,,
45.514,1782952263.008,1190,0,,,,,,,,,
45.579,1782952263.073,1191,0,,,,,,,,,
45.644,1782952263.138,1192,0,,,,,,,,,
45.709,1782952263.203,1193,0,,,,,,,,,
45.776,1782952263.270,1194,0,,,,,,,,,
45.840,1782952263.334,1195,0,,,,,,,,,
45.904,1782952263.399,1196,0,,,,,,,,,
45.969,1782952263.464,1197,0,,,,,,,,,
46.035,1782952263.529,1198,0,,,,,,,,,
46.100,1782952263.594,1199,0,,,,,,,,,
46.165,1782952263.659,1200,0,,,,,,,,,
46.230,1782952263.725,1201,0,,,,,,,,,
46.295,1782952263.789,1202,0,,,,,,,,,
46.360,1782952263.854,1203,0,,,,,,,,,
46.425,1782952263.919,1204,0,,,,,,,,,
46.490,1782952263.984,1205,0,,,,,,,,,
46.555,1782952264.050,1206,0,,,,,,,,,
46.621,1782952264.115,1207,0,,,,,,,,,
46.685,1782952264.180,1208,0,,,,,,,,,
46.750,1782952264.245,1209,0,,,,,,,,,
46.815,1782952264.310,1210,0,,,,,,,,,
46.881,1782952264.375,1211,0,,,,,,,,,
46.946,1782952264.440,1212,0,,,,,,,,,
47.011,1782952264.505,1213,0,,,,,,,,,
47.076,1782952264.570,1214,0,,,,,,,,,
47.141,1782952264.635,1215,0,,,,,,,,,
47.206,1782952264.700,1216,0,,,,,,,,,
47.271,1782952264.765,1217,0,,,,,,,,,
47.336,1782952264.830,1218,0,,,,,,,,,
47.402,1782952264.897,1219,0,,,,,,,,,
47.466,1782952264.961,1220,0,,,,,,,,,
47.531,1782952265.026,1221,0,,,,,,,,,
47.596,1782952265.091,1222,0,,,,,,,,,
47.661,1782952265.156,1223,0,,,,,,,,,
47.726,1782952265.221,1224,0,,,,,,,,,
47.791,1782952265.286,1225,0,,,,,,,,,
47.857,1782952265.351,1226,0,,,,,,,,,
47.922,1782952265.417,1227,0,,,,,,,,,
47.987,1782952265.481,1228,0,,,,,,,,,
48.052,1782952265.546,1229,0,,,,,,,,,
48.117,1782952265.611,1230,0,,,,,,,,,
48.182,1782952265.676,1231,0,,,,,,,,,
48.247,1782952265.742,1232,0,,,,,,,,,
48.312,1782952265.807,1233,0,,,,,,,,,
48.377,1782952265.871,1234,0,,,,,,,,,
48.442,1782952265.937,1235,0,,,,,,,,,
48.508,1782952266.002,1236,0,,,,,,,,,
48.572,1782952266.067,1237,0,,,,,,,,,
48.638,1782952266.132,1238,0,,,,,,,,,
48.703,1782952266.198,1239,0,,,,,,,,,
48.767,1782952266.262,1240,0,,,,,,,,,
48.832,1782952266.327,1241,0,,,,,,,,,
48.897,1782952266.392,1242,0,,,,,,,,,
48.963,1782952266.458,1243,0,,,,,,,,,
49.029,1782952266.523,1244,0,,,,,,,,,
49.094,1782952266.588,1245,0,,,,,,,,,
49.159,1782952266.653,1246,0,,,,,,,,,
49.223,1782952266.717,1247,0,,,,,,,,,
49.288,1782952266.782,1248,0,,,,,,,,,
49.353,1782952266.847,1249,0,,,,,,,,,
49.420,1782952266.915,1250,0,,,,,,,,,
49.483,1782952266.978,1251,0,,,,,,,,,
49.549,1782952267.043,1252,0,,,,,,,,,
49.613,1782952267.108,1253,0,,,,,,,,,
49.678,1782952267.173,1254,0,,,,,,,,,
49.744,1782952267.238,1255,0,,,,,,,,,
49.808,1782952267.303,1256,0,,,,,,,,,
49.873,1782952267.368,1257,0,,,,,,,,,
49.939,1782952267.433,1258,0,,,,,,,,,
50.004,1782952267.498,1259,0,,,,,,,,,
50.069,1782952267.563,1260,0,,,,,,,,,
50.134,1782952267.628,1261,0,,,,,,,,,
50.199,1782952267.693,1262,0,,,,,,,,,
50.264,1782952267.759,1263,0,,,,,,,,,
50.329,1782952267.823,1264,0,,,,,,,,,
50.394,1782952267.888,1265,0,,,,,,,,,
50.459,1782952267.954,1266,0,,,,,,,,,
50.524,1782952268.019,1267,0,,,,,,,,,
50.589,1782952268.084,1268,0,,,,,,,,,
50.656,1782952268.150,1269,0,,,,,,,,,
50.719,1782952268.214,1270,0,,,,,,,,,
50.787,1782952268.281,1271,0,,,,,,,,,
50.854,1782952268.348,1272,0,,,,,,,,,
50.915,1782952268.409,1273,0,,,,,,,,,
50.980,1782952268.474,1274,0,,,,,,,,,
51.045,1782952268.539,1275,0,,,,,,,,,
51.110,1782952268.604,1276,0,,,,,,,,,
51.175,1782952268.669,1277,0,,,,,,,,,
51.240,1782952268.734,1278,0,,,,,,,,,
51.305,1782952268.800,1279,0,,,,,,,,,
51.370,1782952268.864,1280,0,,,,,,,,,
51.435,1782952268.930,1281,0,,,,,,,,,
51.503,1782952268.997,1282,0,,,,,,,,,
51.565,1782952269.060,1283,0,,,,,,,,,
51.631,1782952269.125,1284,0,,,,,,,,,
51.696,1782952269.190,1285,0,,,,,,,,,
51.761,1782952269.255,1286,0,,,,,,,,,
51.826,1782952269.320,1287,0,,,,,,,,,
51.891,1782952269.385,1288,0,,,,,,,,,
51.956,1782952269.450,1289,0,,,,,,,,,
52.021,1782952269.516,1290,0,,,,,,,,,
52.086,1782952269.581,1291,0,,,,,,,,,
52.151,1782952269.646,1292,0,,,,,,,,,
52.216,1782952269.711,1293,0,,,,,,,,,
52.283,1782952269.777,1294,0,,,,,,,,,
52.347,1782952269.841,1295,0,,,,,,,,,
52.412,1782952269.906,1296,0,,,,,,,,,
52.477,1782952269.971,1297,0,,,,,,,,,
52.542,1782952270.036,1298,0,,,,,,,,,
52.607,1782952270.101,1299,0,,,,,,,,,
52.672,1782952270.166,1300,0,,,,,,,,,
52.737,1782952270.231,1301,0,,,,,,,,,
52.802,1782952270.296,1302,0,,,,,,,,,
52.867,1782952270.362,1303,0,,,,,,,,,
52.932,1782952270.426,1304,0,,,,,,,,,
52.997,1782952270.492,1305,0,,,,,,,,,
53.062,1782952270.556,1306,0,,,,,,,,,
53.127,1782952270.622,1307,0,,,,,,,,,
53.193,1782952270.687,1308,0,,,,,,,,,
53.258,1782952270.752,1309,0,,,,,,,,,
53.323,1782952270.817,1310,0,,,,,,,,,
53.388,1782952270.882,1311,0,,,,,,,,,
53.453,1782952270.947,1312,0,,,,,,,,,
53.518,1782952271.012,1313,0,,,,,,,,,
53.583,1782952271.077,1314,0,,,,,,,,,
53.648,1782952271.142,1315,0,,,,,,,,,
53.713,1782952271.207,1316,0,,,,,,,,,
53.778,1782952271.273,1317,0,,,,,,,,,
53.843,1782952271.337,1318,0,,,,,,,,,
53.909,1782952271.404,1319,0,,,,,,,,,
53.973,1782952271.468,1320,0,,,,,,,,,
54.038,1782952271.533,1321,0,,,,,,,,,
54.103,1782952271.598,1322,0,,,,,,,,,
54.169,1782952271.663,1323,0,,,,,,,,,
54.234,1782952271.728,1324,0,,,,,,,,,
54.299,1782952271.793,1325,0,,,,,,,,,
54.365,1782952271.859,1326,0,,,,,,,,,
54.429,1782952271.923,1327,0,,,,,,,,,
54.494,1782952271.988,1328,0,,,,,,,,,
54.559,1782952272.053,1329,0,,,,,,,,,
54.624,1782952272.118,1330,0,,,,,,,,,
54.689,1782952272.184,1331,0,,,,,,,,,
54.754,1782952272.249,1332,0,,,,,,,,,
54.819,1782952272.314,1333,0,,,,,,,,,
54.884,1782952272.379,1334,0,,,,,,,,,
54.950,1782952272.444,1335,0,,,,,,,,,
55.015,1782952272.509,1336,0,,,,,,,,,
55.080,1782952272.574,1337,0,,,,,,,,,
55.145,1782952272.639,1338,0,,,,,,,,,
55.210,1782952272.704,1339,0,,,,,,,,,
55.275,1782952272.769,1340,0,,,,,,,,,
55.340,1782952272.834,1341,0,,,,,,,,,
55.405,1782952272.899,1342,0,,,,,,,,,
55.470,1782952272.965,1343,0,,,,,,,,,
55.536,1782952273.031,1344,0,,,,,,,,,
55.600,1782952273.094,1345,0,,,,,,,,,
55.667,1782952273.161,1346,0,,,,,,,,,
55.730,1782952273.225,1347,0,,,,,,,,,
55.796,1782952273.290,1348,0,,,,,,,,,
55.861,1782952273.355,1349,0,,,,,,,,,
55.925,1782952273.420,1350,0,,,,,,,,,
55.991,1782952273.485,1351,0,,,,,,,,,
56.056,1782952273.550,1352,0,,,,,,,,,
56.121,1782952273.615,1353,0,,,,,,,,,
56.186,1782952273.680,1354,0,,,,,,,,,
56.251,1782952273.745,1355,0,,,,,,,,,
56.316,1782952273.811,1356,0,,,,,,,,,
56.383,1782952273.878,1357,0,,,,,,,,,
56.446,1782952273.941,1358,0,,,,,,,,,
56.511,1782952274.006,1359,0,,,,,,,,,
56.577,1782952274.071,1360,0,,,,,,,,,
56.641,1782952274.136,1361,0,,,,,,,,,
56.706,1782952274.201,1362,0,,,,,,,,,
56.771,1782952274.266,1363,0,,,,,,,,,
56.837,1782952274.331,1364,0,,,,,,,,,
56.902,1782952274.396,1365,0,,,,,,,,,
56.967,1782952274.461,1366,0,,,,,,,,,
57.032,1782952274.526,1367,0,,,,,,,,,
57.101,1782952274.595,1368,0,,,,,,,,,
57.163,1782952274.657,1369,0,,,,,,,,,
57.227,1782952274.721,1370,0,,,,,,,,,
57.292,1782952274.786,1371,0,,,,,,,,,
57.358,1782952274.852,1372,0,,,,,,,,,
57.422,1782952274.916,1373,0,,,,,,,,,
57.487,1782952274.982,1374,0,,,,,,,,,
57.553,1782952275.047,1375,0,,,,,,,,,
57.620,1782952275.114,1376,0,,,,,,,,,
57.683,1782952275.177,1377,0,,,,,,,,,
57.748,1782952275.242,1378,0,,,,,,,,,
57.817,1782952275.312,1379,0,,,,,,,,,
57.878,1782952275.372,1380,0,,,,,,,,,
57.943,1782952275.437,1381,0,,,,,,,,,
58.008,1782952275.502,1382,0,,,,,,,,,
58.073,1782952275.568,1383,0,,,,,,,,,
58.138,1782952275.633,1384,0,,,,,,,,,
58.203,1782952275.697,1385,0,,,,,,,,,
58.268,1782952275.763,1386,0,,,,,,,,,
58.333,1782952275.828,1387,0,,,,,,,,,
58.399,1782952275.893,1388,0,,,,,,,,,
58.466,1782952275.960,1389,0,,,,,,,,,
58.529,1782952276.023,1390,0,,,,,,,,,
58.594,1782952276.088,1391,0,,,,,,,,,
58.659,1782952276.153,1392,0,,,,,,,,,
58.724,1782952276.218,1393,0,,,,,,,,,
58.790,1782952276.285,1394,0,,,,,,,,,
58.854,1782952276.348,1395,0,,,,,,,,,
58.919,1782952276.414,1396,0,,,,,,,,,
58.984,1782952276.478,1397,0,,,,,,,,,
59.049,1782952276.544,1398,0,,,,,,,,,
59.114,1782952276.609,1399,0,,,,,,,,,
59.180,1782952276.674,1400,0,,,,,,,,,
59.244,1782952276.739,1401,0,,,,,,,,,
59.310,1782952276.804,1402,0,,,,,,,,,
59.375,1782952276.869,1403,0,,,,,,,,,
59.440,1782952276.934,1404,0,,,,,,,,,
59.505,1782952276.999,1405,0,,,,,,,,,
59.570,1782952277.064,1406,0,,,,,,,,,
59.635,1782952277.129,1407,0,,,,,,,,,
59.700,1782952277.194,1408,0,,,,,,,,,
59.765,1782952277.259,1409,0,,,,,,,,,
59.830,1782952277.324,1410,0,,,,,,,,,
59.895,1782952277.389,1411,0,,,,,,,,,
59.960,1782952277.455,1412,0,,,,,,,,,
60.025,1782952277.520,1413,0,,,,,,,,,
60.091,1782952277.585,1414,0,,,,,,,,,
60.156,1782952277.650,1415,0,,,,,,,,,
60.221,1782952277.715,1416,0,,,,,,,,,
60.288,1782952277.782,1417,0,,,,,,,,,
60.351,1782952277.845,1418,0,,,,,,,,,
60.417,1782952277.911,1419,0,,,,,,,,,
60.481,1782952277.975,1420,0,,,,,,,,,
60.546,1782952278.040,1421,0,,,,,,,,,
60.611,1782952278.105,1422,0,,,,,,,,,
60.676,1782952278.171,1423,0,,,,,,,,,
60.741,1782952278.235,1424,0,,,,,,,,,
60.806,1782952278.300,1425,0,,,,,,,,,
60.871,1782952278.365,1426,0,,,,,,,,,
60.938,1782952278.433,1427,0,,,,,,,,,
61.005,1782952278.499,1428,0,,,,,,,,,
61.068,1782952278.562,1429,0,,,,,,,,,
61.132,1782952278.627,1430,0,,,,,,,,,
61.197,1782952278.691,1431,0,,,,,,,,,
61.262,1782952278.757,1432,0,,,,,,,,,
61.327,1782952278.821,1433,0,,,,,,,,,
61.392,1782952278.887,1434,0,,,,,,,,,
61.457,1782952278.951,1435,0,,,,,,,,,
61.523,1782952279.017,1436,0,,,,,,,,,
61.587,1782952279.082,1437,0,,,,,,,,,
61.653,1782952279.147,1438,0,,,,,,,,,
61.718,1782952279.212,1439,0,,,,,,,,,
61.783,1782952279.278,1440,0,,,,,,,,,
61.848,1782952279.342,1441,0,,,,,,,,,
61.914,1782952279.408,1442,0,,,,,,,,,
61.978,1782952279.472,1443,0,,,,,,,,,
62.044,1782952279.539,1444,0,,,,,,,,,
62.108,1782952279.602,1445,0,,,,,,,,,
62.173,1782952279.668,1446,0,,,,,,,,,
62.239,1782952279.733,1447,0,,,,,,,,,
62.303,1782952279.798,1448,0,,,,,,,,,
62.368,1782952279.863,1449,0,,,,,,,,,
62.434,1782952279.928,1450,0,,,,,,,,,
62.499,1782952279.993,1451,0,,,,,,,,,
62.564,1782952280.058,1452,0,,,,,,,,,
62.630,1782952280.125,1453,0,,,,,,,,,
62.694,1782952280.188,1454,0,,,,,,,,,
62.759,1782952280.253,1455,0,,,,,,,,,
62.824,1782952280.318,1456,0,,,,,,,,,
62.889,1782952280.383,1457,0,,,,,,,,,
62.954,1782952280.449,1458,0,,,,,,,,,
63.019,1782952280.513,1459,0,,,,,,,,,
63.084,1782952280.579,1460,0,,,,,,,,,
63.149,1782952280.644,1461,0,,,,,,,,,
63.214,1782952280.709,1462,0,,,,,,,,,
63.280,1782952280.774,1463,0,,,,,,,,,
63.345,1782952280.839,1464,0,,,,,,,,,
63.410,1782952280.904,1465,0,,,,,,,,,
63.475,1782952280.970,1466,0,,,,,,,,,
63.539,1782952281.034,1467,0,,,,,,,,,
63.605,1782952281.099,1468,0,,,,,,,,,
63.671,1782952281.166,1469,0,,,,,,,,,
63.735,1782952281.230,1470,0,,,,,,,,,
63.800,1782952281.295,1471,0,,,,,,,,,
63.865,1782952281.360,1472,0,,,,,,,,,
63.931,1782952281.425,1473,0,,,,,,,,,
63.999,1782952281.493,1474,0,,,,,,,,,
64.062,1782952281.556,1475,0,,,,,,,,,
64.126,1782952281.620,1476,0,,,,,,,,,
64.191,1782952281.685,1477,0,,,,,,,,,
64.256,1782952281.750,1478,0,,,,,,,,,
64.321,1782952281.815,1479,0,,,,,,,,,
64.386,1782952281.880,1480,0,,,,,,,,,
64.452,1782952281.946,1481,0,,,,,,,,,
64.516,1782952282.010,1482,0,,,,,,,,,
64.581,1782952282.075,1483,0,,,,,,,,,
64.646,1782952282.141,1484,0,,,,,,,,,
64.713,1782952282.207,1485,0,,,,,,,,,
64.778,1782952282.273,1486,0,,,,,,,,,
64.841,1782952282.335,1487,0,,,,,,,,,
64.906,1782952282.401,1488,0,,,,,,,,,
64.971,1782952282.466,1489,0,,,,,,,,,
65.036,1782952282.531,1490,0,,,,,,,,,
65.101,1782952282.596,1491,0,,,,,,,,,
65.167,1782952282.661,1492,0,,,,,,,,,
65.232,1782952282.726,1493,0,,,,,,,,,
65.298,1782952282.792,1494,0,,,,,,,,,
65.363,1782952282.857,1495,0,,,,,,,,,
65.428,1782952282.922,1496,0,,,,,,,,,
65.492,1782952282.986,1497,0,,,,,,,,,
65.558,1782952283.052,1498,0,,,,,,,,,
65.622,1782952283.116,1499,0,,,,,,,,,
65.687,1782952283.181,1500,0,,,,,,,,,
65.752,1782952283.246,1501,0,,,,,,,,,
65.817,1782952283.311,1502,0,,,,,,,,,
65.882,1782952283.377,1503,0,,,,,,,,,
65.947,1782952283.442,1504,0,,,,,,,,,
66.012,1782952283.507,1505,0,,,,,,,,,
66.077,1782952283.572,1506,0,,,,,,,,,
66.143,1782952283.637,1507,0,,,,,,,,,
66.208,1782952283.702,1508,0,,,,,,,,,
66.273,1782952283.767,1509,0,,,,,,,,,
66.338,1782952283.832,1510,0,,,,,,,,,
66.403,1782952283.897,1511,0,,,,,,,,,
66.468,1782952283.962,1512,0,,,,,,,,,
66.533,1782952284.027,1513,0,,,,,,,,,
66.598,1782952284.092,1514,0,,,,,,,,,
66.663,1782952284.157,1515,0,,,,,,,,,
66.729,1782952284.223,1516,0,,,,,,,,,
66.793,1782952284.288,1517,0,,,,,,,,,
66.858,1782952284.353,1518,0,,,,,,,,,
66.925,1782952284.419,1519,0,,,,,,,,,
66.988,1782952284.483,1520,0,,,,,,,,,
67.053,1782952284.548,1521,0,,,,,,,,,
67.120,1782952284.614,1522,0,,,,,,,,,
67.184,1782952284.678,1523,0,,,,,,,,,
67.249,1782952284.743,1524,0,,,,,,,,,
67.314,1782952284.808,1525,0,,,,,,,,,
67.379,1782952284.873,1526,0,,,,,,,,,
67.444,1782952284.938,1527,0,,,,,,,,,
67.509,1782952285.004,1528,0,,,,,,,,,
67.574,1782952285.069,1529,0,,,,,,,,,
67.639,1782952285.134,1530,0,,,,,,,,,
67.705,1782952285.199,1531,0,,,,,,,,,
67.769,1782952285.264,1532,0,,,,,,,,,
67.835,1782952285.329,1533,0,,,,,,,,,
67.900,1782952285.394,1534,0,,,,,,,,,
67.965,1782952285.459,1535,0,,,,,,,,,
68.030,1782952285.524,1536,0,,,,,,,,,
68.095,1782952285.589,1537,0,,,,,,,,,
68.160,1782952285.655,1538,0,,,,,,,,,
68.225,1782952285.719,1539,0,,,,,,,,,
68.290,1782952285.785,1540,0,,,,,,,,,
68.355,1782952285.849,1541,0,,,,,,,,,
68.421,1782952285.916,1542,0,,,,,,,,,
68.485,1782952285.980,1543,0,,,,,,,,,
68.550,1782952286.045,1544,0,,,,,,,,,
68.615,1782952286.110,1545,0,,,,,,,,,
68.681,1782952286.175,1546,0,,,,,,,,,
68.745,1782952286.240,1547,0,,,,,,,,,
68.811,1782952286.305,1548,0,,,,,,,,,
68.877,1782952286.371,1549,0,,,,,,,,,
68.941,1782952286.435,1550,0,,,,,,,,,
69.006,1782952286.500,1551,0,,,,,,,,,
69.071,1782952286.565,1552,0,,,,,,,,,
69.136,1782952286.630,1553,0,,,,,,,,,
69.201,1782952286.695,1554,0,,,,,,,,,
69.266,1782952286.760,1555,0,,,,,,,,,
69.331,1782952286.826,1556,0,,,,,,,,,
69.397,1782952286.891,1557,0,,,,,,,,,
69.461,1782952286.956,1558,0,,,,,,,,,
69.527,1782952287.021,1559,0,,,,,,,,,
69.592,1782952287.086,1560,0,,,,,,,,,
69.657,1782952287.151,1561,0,,,,,,,,,
69.722,1782952287.216,1562,0,,,,,,,,,
69.787,1782952287.281,1563,0,,,,,,,,,
69.852,1782952287.346,1564,0,,,,,,,,,
69.917,1782952287.411,1565,0,,,,,,,,,
69.982,1782952287.476,1566,0,,,,,,,,,
70.048,1782952287.543,1567,0,,,,,,,,,
70.112,1782952287.607,1568,0,,,,,,,,,
70.177,1782952287.672,1569,0,,,,,,,,,
70.242,1782952287.737,1570,0,,,,,,,,,
70.308,1782952287.802,1571,0,,,,,,,,,
70.373,1782952287.867,1572,0,,,,,,,,,
70.438,1782952287.932,1573,0,,,,,,,,,
70.611,1782952288.105,1574,0,,,,,,,,,
70.612,1782952288.106,1575,0,,,,,,,,,
70.633,1782952288.127,1576,0,,,,,,,,,
70.803,1782952288.298,1578,0,,,,,,,,,
70.828,1782952288.323,1579,0,,,,,,,,,
70.955,1782952288.449,1580,0,,,,,,,,,
70.959,1782952288.454,1581,0,,,,,,,,,
71.136,1782952288.630,1582,0,,,,,,,,,
71.137,1782952288.631,1583,0,,,,,,,,,
71.153,1782952288.648,1584,0,,,,,,,,,
71.219,1782952288.713,1585,0,,,,,,,,,
71.349,1782952288.843,1587,0,,,,,,,,,
71.442,1782952288.937,1588,0,,,,,,,,,
71.481,1782952288.975,1589,0,,,,,,,,,
71.544,1782952289.038,1590,0,,,,,,,,,
71.644,1782952289.138,1591,0,,,,,,,,,
71.676,1782952289.170,1592,0,,,,,,,,,
71.847,1782952289.341,1593,0,,,,,,,,,
71.847,1782952289.342,1594,0,,,,,,,,,
71.869,1782952289.364,1595,0,,,,,,,,,
71.954,1782952289.449,1596,0,,,,,,,,,
71.999,1782952289.494,1597,0,,,,,,,,,
72.366,1782952289.861,1600,0,,,,,,,,,
72.370,1782952289.864,1601,0,,,,,,,,,
72.371,1782952289.865,1602,0,,,,,,,,,
72.390,1782952289.884,1603,0,,,,,,,,,
72.461,1782952289.955,1604,0,,,,,,,,,
72.520,1782952290.014,1605,0,,,,,,,,,
72.770,1782952290.264,1606,0,,,,,,,,,
72.771,1782952290.265,1607,0,,,,,,,,,
72.771,1782952290.265,1608,0,,,,,,,,,
72.780,1782952290.274,1609,0,,,,,,,,,
72.846,1782952290.340,1610,0,,,,,,,,,
72.911,1782952290.405,1611,0,,,,,,,,,
73.080,1782952290.574,1612,0,,,,,,,,,
73.081,1782952290.575,1613,0,,,,,,,,,
73.106,1782952290.600,1614,0,,,,,,,,,
73.432,1782952290.926,1619,0,,,,,,,,,
73.701,1782952291.195,1622,0,,,,,,,,,
73.705,1782952291.199,1623,0,,,,,,,,,
73.757,1782952291.251,1624,0,,,,,,,,,
73.923,1782952291.417,1625,0,,,,,,,,,
73.924,1782952291.418,1626,0,,,,,,,,,
73.952,1782952291.447,1627,0,,,,,,,,,
74.106,1782952291.600,1628,0,,,,,,,,,
74.108,1782952291.602,1629,0,,,,,,,,,
74.147,1782952291.642,1630,0,,,,,,,,,
74.441,1782952291.936,1631,0,,,,,,,,,
74.443,1782952291.937,1632,0,,,,,,,,,
74.445,1782952291.939,1633,0,,,,,,,,,
74.448,1782952291.942,1634,0,,,,,,,,,
74.474,1782952291.968,1635,0,,,,,,,,,
74.538,1782952292.032,1636,0,,,,,,,,,
74.604,1782952292.098,1637,0,,,,,,,,,
74.668,1782952292.162,1638,0,,,,,,,,,
74.733,1782952292.227,1639,0,,,,,,,,,
74.958,1782952292.453,1641,0,,,,,,,,,
74.960,1782952292.455,1642,0,,,,,,,,,
74.993,1782952292.487,1643,0,,,,,,,,,
75.133,1782952292.627,1644,0,,,,,,,,,
75.134,1782952292.628,1645,0,,,,,,,,,
75.188,1782952292.682,1646,0,,,,,,,,,
75.325,1782952292.819,1648,0,,,,,,,,,
75.383,1782952292.877,1649,0,,,,,,,,,
75.448,1782952292.943,1650,0,,,,,,,,,
75.513,1782952293.008,1651,0,,,,,,,,,
75.739,1782952293.234,1653,0,,,,,,,,,
75.741,1782952293.235,1654,0,,,,,,,,,
75.774,1782952293.268,1655,0,,,,,,,,,
75.840,1782952293.334,1656,0,,,,,,,,,
75.993,1782952293.488,1657,0,,,,,,,,,
75.994,1782952293.488,1658,0,,,,,,,,,
76.034,1782952293.528,1659,0,,,,,,,,,
76.526,1782952294.020,1663,0,,,,,,,,,
76.527,1782952294.021,1664,0,,,,,,,,,
76.530,1782952294.024,1665,0,,,,,,,,,
76.533,1782952294.027,1666,0,,,,,,,,,
76.557,1782952294.051,1667,0,,,,,,,,,
76.622,1782952294.117,1668,0,,,,,,,,,
76.685,1782952294.180,1669,0,,,,,,,,,
76.750,1782952294.245,1670,0,,,,,,,,,
76.880,1782952294.375,1672,0,,,,,,,,,
77.043,1782952294.537,1674,0,,,,,,,,,
77.076,1782952294.570,1675,0,,,,,,,,,
77.247,1782952294.741,1676,0,,,,,,,,,
77.248,1782952294.742,1677,0,,,,,,,,,
77.275,1782952294.769,1678,0,,,,,,,,,
77.468,1782952294.962,1680,0,,,,,,,,,
77.469,1782952294.964,1681,0,,,,,,,,,
77.596,1782952295.091,1683,0,,,,,,,,,
77.662,1782952295.156,1684,0,,,,,,,,,
77.809,1782952295.304,1685,0,,,,,,,,,
77.810,1782952295.304,1686,0,,,,,,,,,
77.856,1782952295.351,1687,0,,,,,,,,,
77.989,1782952295.483,1689,0,,,,,,,,,
78.052,1782952295.546,1690,0,,,,,,,,,
78.116,1782952295.611,1691,0,,,,,,,,,
